team,home_played,home_pts,home_ppg,home_gd,away_played,away_pts,away_ppg,away_gd,total_played,total_pts,total_ppg
Adelaide United,13,24,1.846,8,13,19,1.462,2,26,43,1.654
Auckland FC,13,19,1.462,3,13,23,1.769,10,26,42,1.615
Brisbane Roar,13,13,1.000,-4,13,13,1.000,-5,26,26,1.000
Central Coast Mariners,13,16,1.231,0,13,16,1.231,-7,26,32,1.231
Macarthur FC,13,19,1.462,0,13,15,1.154,-7,26,34,1.308
Melbourne City,13,20,1.538,5,13,18,1.385,-5,26,38,1.462
Melbourne Victory,13,22,1.692,12,13,18,1.385,-1,26,40,1.538
Newcastle Jets,13,22,1.692,10,13,26,2.000,6,26,48,1.846
Perth Glory,13,17,1.308,0,13,14,1.077,-7,26,31,1.192
Sydney FC,13,19,1.462,6,13,20,1.538,2,26,39,1.500
Wellington Phoenix,13,17,1.308,-4,13,16,1.231,-8,26,33,1.269
WS Wanderers,13,13,1.000,-7,13,8,0.615,-9,26,21,0.808
